datetime,timestamp,open,high,low,close,volume
2025-01-23 17:30:00+00:00,1737653400000,105286.94,105680.0,105224.13,105591.68,450.04338
2025-01-23 17:45:00+00:00,1737654300000,105591.68,106230.42,105555.2,105927.78,464.24396
2025-01-23 18:00:00+00:00,1737655200000,105927.78,106142.46,105170.46,105217.31,344.79177
2025-01-23 18:15:00+00:00,1737656100000,105217.32,105878.93,105205.66,105755.08,308.71357
2025-01-23 18:30:00+00:00,1737657000000,105755.08,105927.92,105100.0,105189.48,275.69431
2025-01-23 18:45:00+00:00,1737657900000,105189.48,105608.55,105183.54,105424.39,264.71354
2025-01-23 19:00:00+00:00,1737658800000,105424.39,105514.73,104821.41,104975.41,395.0554
2025-01-23 19:15:00+00:00,1737659700000,104975.41,105148.7,104448.27,104890.37,449.26741
2025-01-23 19:30:00+00:00,1737660600000,104890.37,104915.23,104496.34,104782.4,227.26872
2025-01-23 19:45:00+00:00,1737661500000,104782.4,104793.11,103399.98,103770.04,769.50513
2025-01-23 20:00:00+00:00,1737662400000,103770.05,105973.0,103150.0,104846.04,1727.15428
2025-01-23 20:15:00+00:00,1737663300000,104846.03,106421.03,103733.1,105769.22,3315.95996
2025-01-23 20:30:00+00:00,1737664200000,105769.21,105834.59,104453.99,104818.42,1724.36424
2025-01-23 20:45:00+00:00,1737665100000,104818.41,104974.29,102559.2,103284.48,2534.68189
2025-01-23 21:00:00+00:00,1737666000000,103284.01,103410.57,102658.21,102939.99,816.09312
2025-01-23 21:15:00+00:00,1737666900000,102940.0,103289.68,102195.7,102734.0,881.09923
2025-01-23 21:30:00+00:00,1737667800000,102734.0,103268.37,102298.91,103008.12,543.44784
2025-01-23 21:45:00+00:00,1737668700000,103008.12,103283.26,102509.87,103079.08,329.16117
2025-01-23 22:00:00+00:00,1737669600000,103079.08,103735.72,102981.07,103658.15,350.3901
2025-01-23 22:15:00+00:00,1737670500000,103658.15,104181.02,103296.6,104140.0,668.9423
2025-01-23 22:30:00+00:00,1737671400000,104140.0,104700.0,103847.73,104008.89,454.16958
2025-01-23 22:45:00+00:00,1737672300000,104008.88,104248.73,103657.16,103978.82,371.74786
2025-01-23 23:00:00+00:00,1737673200000,103978.82,104349.59,103776.06,104142.76,255.89993
2025-01-23 23:15:00+00:00,1737674100000,104142.76,104544.48,104142.41,104299.99,178.14242
2025-01-23 23:30:00+00:00,1737675000000,104299.99,104344.15,104114.0,104134.71,119.08522
2025-01-23 23:45:00+00:00,1737675900000,104134.7,104134.71,103848.44,103910.34,170.06397
2025-01-24 00:00:00+00:00,1737676800000,103910.35,104157.98,103793.72,103831.13,230.51743
2025-01-24 00:15:00+00:00,1737677700000,103831.14,103959.99,103520.09,103661.36,243.78391
2025-01-24 00:30:00+00:00,1737678600000,103661.37,103777.37,103564.0,103620.5,158.18155
2025-01-24 00:45:00+00:00,1737679500000,103620.5,103780.0,103424.58,103446.62,162.24489
2025-01-24 01:00:00+00:00,1737680400000,103446.62,103692.0,103420.56,103624.73,169.13784
2025-01-24 01:15:00+00:00,1737681300000,103624.73,103900.0,103505.72,103632.05,157.18278
2025-01-24 01:30:00+00:00,1737682200000,103632.05,103672.52,103361.37,103380.14,142.92181
2025-01-24 01:45:00+00:00,1737683100000,103380.67,103385.77,103039.87,103234.3,263.80488
2025-01-24 02:00:00+00:00,1737684000000,103234.3,103327.0,103004.26,103252.65,180.91967
2025-01-24 02:15:00+00:00,1737684900000,103252.66,103487.77,103237.26,103386.51,244.09841
2025-01-24 02:30:00+00:00,1737685800000,103386.51,103545.39,103271.0,103284.62,124.54885
2025-01-24 02:45:00+00:00,1737686700000,103284.01,103309.8,102956.72,103016.01,241.05263
2025-01-24 03:00:00+00:00,1737687600000,103016.0,103463.0,103016.0,103206.73,230.49815
2025-01-24 03:15:00+00:00,1737688500000,103206.73,103812.86,102750.0,103479.98,442.54611
2025-01-24 03:30:00+00:00,1737689400000,103479.97,104298.0,103430.65,104110.82,607.03973
2025-01-24 03:45:00+00:00,1737690300000,104110.82,104186.42,103869.23,103891.75,186.75505
2025-01-24 04:00:00+00:00,1737691200000,103891.75,104134.58,103804.77,104002.29,152.20338
2025-01-24 04:15:00+00:00,1737692100000,104002.28,104107.67,103863.72,103988.5,142.49115
2025-01-24 04:30:00+00:00,1737693000000,103988.5,104500.0,103900.01,104421.96,227.77762
2025-01-24 04:45:00+00:00,1737693900000,104421.97,104924.4,104409.77,104631.99,402.18346
2025-01-24 05:00:00+00:00,1737694800000,104631.98,105052.0,104543.21,104861.72,292.07545
2025-01-24 05:15:00+00:00,1737695700000,104861.72,105036.42,104661.95,104879.77,213.91346
2025-01-24 05:30:00+00:00,1737696600000,104879.77,104998.99,104853.66,104916.0,136.92864
2025-01-24 05:45:00+00:00,1737697500000,104916.01,105262.13,104808.17,105222.15,242.78009
2025-01-24 06:00:00+00:00,1737698400000,105222.15,105355.0,104857.55,104924.73,239.88107
2025-01-24 06:15:00+00:00,1737699300000,104924.74,105030.0,104800.0,104901.34,170.34251
2025-01-24 06:30:00+00:00,1737700200000,104901.35,104950.98,104628.0,104860.22,166.52464
2025-01-24 06:45:00+00:00,1737701100000,104860.22,104997.59,104843.06,104991.01,101.16004
2025-01-24 07:00:00+00:00,1737702000000,104991.01,105181.82,104737.58,104812.41,173.08348
2025-01-24 07:15:00+00:00,1737702900000,104812.41,104848.49,104660.0,104719.75,108.15442
2025-01-24 07:30:00+00:00,1737703800000,104719.75,104853.29,104668.0,104818.19,156.73176
2025-01-24 07:45:00+00:00,1737704700000,104818.18,105089.3,104818.18,105046.8,216.26574
2025-01-24 08:00:00+00:00,1737705600000,105046.79,105251.25,104922.41,105229.99,157.01232
2025-01-24 08:15:00+00:00,1737706500000,105230.0,105560.67,105175.27,105546.62,268.33305
2025-01-24 08:30:00+00:00,1737707400000,105546.61,105650.0,105332.5,105343.17,334.91648
2025-01-24 08:45:00+00:00,1737708300000,105343.16,105592.0,105260.0,105500.76,178.38689
2025-01-24 09:00:00+00:00,1737709200000,105500.76,105520.66,105381.91,105472.83,225.38874
2025-01-24 09:15:00+00:00,1737710100000,105472.84,105759.0,105463.43,105611.99,196.18647
2025-01-24 09:30:00+00:00,1737711000000,105611.99,105625.08,105207.1,105297.1,241.94738
2025-01-24 09:45:00+00:00,1737711900000,105297.09,105297.09,105053.8,105146.67,189.60311
2025-01-24 10:00:00+00:00,1737712800000,105146.67,105325.08,105051.46,105220.02,116.72346
2025-01-24 10:15:00+00:00,1737713700000,105220.02,105286.56,105058.79,105270.0,120.59928
2025-01-24 10:30:00+00:00,1737714600000,105270.01,105428.0,105193.49,105362.39,278.49694
2025-01-24 10:45:00+00:00,1737715500000,105362.4,105419.67,105110.09,105416.75,156.07776
2025-01-24 11:00:00+00:00,1737716400000,105416.75,105476.91,105326.88,105375.67,127.66102
2025-01-24 11:15:00+00:00,1737717300000,105375.67,105527.69,105374.9,105374.9,100.46653
2025-01-24 11:30:00+00:00,1737718200000,105374.91,105376.01,105214.15,105237.79,123.83033
2025-01-24 11:45:00+00:00,1737719100000,105237.78,105474.29,105229.2,105420.1,164.76444
2025-01-24 12:00:00+00:00,1737720000000,105420.11,105586.29,105183.65,105257.98,177.2192
2025-01-24 12:15:00+00:00,1737720900000,105257.98,105416.99,105236.67,105316.54,178.06606
2025-01-24 12:30:00+00:00,1737721800000,105316.54,105455.33,105300.0,105384.79,134.19012
2025-01-24 12:45:00+00:00,1737722700000,105384.79,105535.49,105384.79,105526.58,137.93957
2025-01-24 13:00:00+00:00,1737723600000,105526.58,105793.61,105196.73,105259.35,245.58474
2025-01-24 13:15:00+00:00,1737724500000,105259.35,105370.99,104982.03,105279.97,198.92708
2025-01-24 13:30:00+00:00,1737725400000,105279.98,105290.0,104993.5,105064.81,136.98647
2025-01-24 13:45:00+00:00,1737726300000,105064.8,105279.77,104996.0,105118.07,171.11241
2025-01-24 14:00:00+00:00,1737727200000,105118.06,105237.15,104880.0,105010.18,184.47628
2025-01-24 14:15:00+00:00,1737728100000,105010.18,105322.23,105010.18,105266.02,186.05016
2025-01-24 14:30:00+00:00,1737729000000,105266.01,106222.0,104669.17,106222.0,1097.02725
2025-01-24 14:45:00+00:00,1737729900000,106221.99,106321.66,105552.14,105758.0,742.79122
2025-01-24 15:00:00+00:00,1737730800000,105758.0,105946.73,105505.9,105552.97,294.19537
2025-01-24 15:15:00+00:00,1737731700000,105552.97,105990.5,105259.49,105665.03,498.65483
2025-01-24 15:30:00+00:00,1737732600000,105665.03,105972.9,105420.0,105640.31,307.66798
2025-01-24 15:45:00+00:00,1737733500000,105640.32,105968.99,105588.0,105859.98,231.42629
2025-01-24 16:00:00+00:00,1737734400000,105859.99,106126.06,105720.87,105957.27,380.97663
2025-01-24 16:15:00+00:00,1737735300000,105957.27,106125.4,105828.04,105989.41,388.10029
2025-01-24 16:30:00+00:00,1737736200000,105989.41,106174.99,105860.86,105988.97,249.73634
2025-01-24 16:45:00+00:00,1737737100000,105988.41,106129.33,105589.0,105645.89,413.70262
2025-01-24 17:00:00+00:00,1737738000000,105645.88,106019.78,105612.0,105963.97,293.64879
2025-01-24 17:15:00+00:00,1737738900000,105963.97,106498.41,105959.9,106478.23,401.34335
2025-01-24 17:30:00+00:00,1737739800000,106478.22,106498.2,106224.13,106320.0,220.62428
2025-01-24 17:45:00+00:00,1737740700000,106320.0,106699.99,106258.65,106458.46,456.91392
2025-01-24 18:00:00+00:00,1737741600000,106458.47,106987.58,106426.12,106644.0,668.23708
2025-01-24 18:15:00+00:00,1737742500000,106644.0,107120.0,106644.0,106917.98,528.18154
2025-01-24 18:30:00+00:00,1737743400000,106917.99,106983.29,106591.21,106641.54,225.01159
2025-01-24 18:45:00+00:00,1737744300000,106641.54,106655.18,106056.95,106327.72,333.70586
2025-01-24 19:00:00+00:00,1737745200000,106327.31,106606.01,105875.4,106105.61,335.89555
2025-01-24 19:15:00+00:00,1737746100000,106105.61,106454.99,106105.6,106369.85,144.75464
2025-01-24 19:30:00+00:00,1737747000000,106369.85,106434.21,105882.68,105910.48,199.95641
2025-01-24 19:45:00+00:00,1737747900000,105910.29,105910.29,105687.0,105760.94,242.58143
2025-01-24 20:00:00+00:00,1737748800000,105760.93,105781.0,105599.52,105668.0,200.34
2025-01-24 20:15:00+00:00,1737749700000,105668.01,105668.01,105100.69,105205.11,347.82107
2025-01-24 20:30:00+00:00,1737750600000,105205.12,105298.4,104819.12,105033.8,460.40352
2025-01-24 20:45:00+00:00,1737751500000,105032.73,105404.45,104736.84,104859.11,333.00512
2025-01-24 21:00:00+00:00,1737752400000,104859.4,105252.91,104859.4,105094.66,279.69486
2025-01-24 21:15:00+00:00,1737753300000,105094.67,105391.47,105028.74,105289.33,178.29934
2025-01-24 21:30:00+00:00,1737754200000,105289.33,105382.88,105030.51,105146.56,146.90823
2025-01-24 21:45:00+00:00,1737755100000,105146.56,105292.29,105061.12,105124.61,144.08116
2025-01-24 22:00:00+00:00,1737756000000,105124.61,105477.0,105045.0,105201.07,202.89643
2025-01-24 22:15:00+00:00,1737756900000,105201.07,105306.41,104950.01,104971.97,115.22097
2025-01-24 22:30:00+00:00,1737757800000,104971.96,105218.97,104971.96,105218.97,114.53604
2025-01-24 22:45:00+00:00,1737758700000,105218.97,105229.9,104706.08,104777.25,107.63801
2025-01-24 23:00:00+00:00,1737759600000,104777.25,104925.2,104461.53,104572.28,350.52699
2025-01-24 23:15:00+00:00,1737760500000,104572.29,104687.54,104456.89,104580.16,114.09849
2025-01-24 23:30:00+00:00,1737761400000,104580.15,104760.24,104488.42,104713.21,92.68252
2025-01-24 23:45:00+00:00,1737762300000,104713.22,104872.16,104680.0,104870.5,107.27727
2025-01-25 00:00:00+00:00,1737763200000,104870.51,104870.51,104508.51,104527.83,159.3796
2025-01-25 00:15:00+00:00,1737764100000,104527.82,104800.0,104507.99,104623.93,196.83549
2025-01-25 00:30:00+00:00,1737765000000,104623.93,104748.0,104456.89,104578.83,204.60963
2025-01-25 00:45:00+00:00,1737765900000,104578.84,104636.73,104361.89,104419.59,211.60083
2025-01-25 01:00:00+00:00,1737766800000,104419.58,104640.0,104380.15,104549.07,171.229
2025-01-25 01:15:00+00:00,1737767700000,104549.08,104751.18,104517.35,104712.12,106.65164
2025-01-25 01:30:00+00:00,1737768600000,104712.12,104815.01,104672.41,104772.41,92.82334
2025-01-25 01:45:00+00:00,1737769500000,104772.42,104800.01,104678.62,104738.0,79.25964
2025-01-25 02:00:00+00:00,1737770400000,104738.01,104738.01,104550.0,104699.53,62.32722
2025-01-25 02:15:00+00:00,1737771300000,104699.53,104830.27,104608.0,104668.22,59.55567
2025-01-25 02:30:00+00:00,1737772200000,104668.22,104741.45,104580.0,104595.15,53.99408
2025-01-25 02:45:00+00:00,1737773100000,104595.15,104652.3,104473.67,104559.54,91.09029
2025-01-25 03:00:00+00:00,1737774000000,104559.54,104617.99,104467.45,104525.4,93.28962
2025-01-25 03:15:00+00:00,1737774900000,104525.4,104760.37,104461.0,104696.7,75.2343
2025-01-25 03:30:00+00:00,1737775800000,104696.7,104996.47,104696.7,104867.03,149.46292
2025-01-25 03:45:00+00:00,1737776700000,104867.03,105280.82,104841.32,105202.4,222.51512
2025-01-25 04:00:00+00:00,1737777600000,105202.4,105202.4,104981.33,105008.88,91.24924
2025-01-25 04:15:00+00:00,1737778500000,105008.89,105008.89,104844.82,104905.12,66.29473
2025-01-25 04:30:00+00:00,1737779400000,104905.11,104905.13,104776.65,104829.99,93.56542
2025-01-25 04:45:00+00:00,1737780300000,104830.0,104870.2,104620.0,104648.0,81.10678
2025-01-25 05:00:00+00:00,1737781200000,104647.99,104701.18,104384.65,104476.65,99.39883
2025-01-25 05:15:00+00:00,1737782100000,104476.66,104639.84,104380.85,104623.16,66.51488
2025-01-25 05:30:00+00:00,1737783000000,104623.16,104671.01,104500.0,104554.0,62.01815
2025-01-25 05:45:00+00:00,1737783900000,104554.0,104569.4,104236.95,104365.97,140.29117
2025-01-25 06:00:00+00:00,1737784800000,104365.96,104480.0,104289.71,104440.22,87.88787
2025-01-25 06:15:00+00:00,1737785700000,104440.21,104464.51,104216.81,104367.8,136.33477
2025-01-25 06:30:00+00:00,1737786600000,104367.81,104386.09,104246.01,104358.61,134.55693
2025-01-25 06:45:00+00:00,1737787500000,104358.6,104358.6,104234.18,104308.0,106.08787
2025-01-25 07:00:00+00:00,1737788400000,104308.0,104471.5,104287.24,104453.22,85.47126
2025-01-25 07:15:00+00:00,1737789300000,104452.8,104523.25,104383.7,104448.23,62.75322
2025-01-25 07:30:00+00:00,1737790200000,104448.23,104499.5,104370.68,104387.99,33.86375
2025-01-25 07:45:00+00:00,1737791100000,104388.0,104447.17,104369.99,104385.98,59.80965
2025-01-25 08:00:00+00:00,1737792000000,104385.99,104450.12,104301.09,104436.0,99.38696
2025-01-25 08:15:00+00:00,1737792900000,104435.99,104497.54,104308.0,104340.04,74.2039
2025-01-25 08:30:00+00:00,1737793800000,104340.04,104340.65,104135.71,104305.59,123.93792
2025-01-25 08:45:00+00:00,1737794700000,104305.6,104358.11,104241.37,104341.98,62.65592
2025-01-25 09:00:00+00:00,1737795600000,104341.99,104401.15,104276.41,104279.3,98.02304
2025-01-25 09:15:00+00:00,1737796500000,104279.3,104432.99,104279.3,104300.0,41.56331
2025-01-25 09:30:00+00:00,1737797400000,104300.01,104450.48,104286.71,104413.79,71.91843
2025-01-25 09:45:00+00:00,1737798300000,104413.8,104428.0,104313.65,104366.63,50.95166
2025-01-25 10:00:00+00:00,1737799200000,104366.62,104458.34,104106.09,104315.81,151.04538
2025-01-25 10:15:00+00:00,1737800100000,104315.81,104398.18,104211.36,104272.6,75.86816
2025-01-25 10:30:00+00:00,1737801000000,104272.6,104453.41,104272.6,104445.98,54.60484
2025-01-25 10:45:00+00:00,1737801900000,104445.98,104661.04,104428.0,104540.0,86.15003
2025-01-25 11:00:00+00:00,1737802800000,104540.0,104618.25,104500.0,104500.0,84.58848
2025-01-25 11:15:00+00:00,1737803700000,104500.01,104500.01,104391.27,104446.2,54.20205
2025-01-25 11:30:00+00:00,1737804600000,104446.2,104529.24,104431.14,104527.09,41.05105
2025-01-25 11:45:00+00:00,1737805500000,104527.1,104700.01,104527.09,104670.99,84.44577
2025-01-25 12:00:00+00:00,1737806400000,104670.99,104676.33,104509.49,104574.18,66.07627
2025-01-25 12:15:00+00:00,1737807300000,104574.18,104637.42,104456.0,104456.0,47.28882
2025-01-25 12:30:00+00:00,1737808200000,104456.01,104691.69,104456.0,104641.25,55.71917
2025-01-25 12:45:00+00:00,1737809100000,104641.24,104792.0,104607.96,104753.07,89.78675
2025-01-25 13:00:00+00:00,1737810000000,104753.08,104861.35,104682.15,104819.99,169.95965
2025-01-25 13:15:00+00:00,1737810900000,104820.0,104868.0,104715.01,104725.61,123.03479
2025-01-25 13:30:00+00:00,1737811800000,104725.6,104799.63,104708.49,104753.99,52.72151
2025-01-25 13:45:00+00:00,1737812700000,104754.0,104789.79,104629.31,104717.04,49.91859
2025-01-25 14:00:00+00:00,1737813600000,104717.05,104721.99,104541.5,104568.65,66.50313
2025-01-25 14:15:00+00:00,1737814500000,104568.66,104648.0,104555.51,104606.48,56.61157
2025-01-25 14:30:00+00:00,1737815400000,104606.48,104644.0,104473.16,104547.99,57.09459
2025-01-25 14:45:00+00:00,1737816300000,104548.0,104620.26,104489.63,104600.01,88.69908
2025-01-25 15:00:00+00:00,1737817200000,104600.0,104968.75,104594.01,104923.11,177.35107
2025-01-25 15:15:00+00:00,1737818100000,104923.12,105111.11,104801.73,104929.53,200.36545
2025-01-25 15:30:00+00:00,1737819000000,104929.52,105031.98,104788.64,104819.38,98.84104
2025-01-25 15:45:00+00:00,1737819900000,104819.37,104921.38,104751.46,104897.79,64.14514
2025-01-25 16:00:00+00:00,1737820800000,104897.79,104989.49,104827.25,104915.4,81.22727
2025-01-25 16:15:00+00:00,1737821700000,104915.41,104960.01,104726.29,104786.48,91.51445
2025-01-25 16:30:00+00:00,1737822600000,104786.49,104815.99,104599.39,104638.0,152.5453
2025-01-25 16:45:00+00:00,1737823500000,104637.99,104741.76,104591.67,104654.9,99.10955
2025-01-25 17:00:00+00:00,1737824400000,104654.91,104691.44,104548.09,104610.53,89.72253
2025-01-25 17:15:00+00:00,1737825300000,104610.53,104850.01,104449.75,104780.01,220.54701
2025-01-25 17:30:00+00:00,1737826200000,104780.01,104809.92,104568.11,104619.1,127.3961
2025-01-25 17:45:00+00:00,1737827100000,104619.1,104934.39,104563.35,104899.71,108.69151
2025-01-25 18:00:00+00:00,1737828000000,104899.72,105094.08,104871.99,104871.99,129.79264
2025-01-25 18:15:00+00:00,1737828900000,104871.99,105076.92,104843.25,105038.08,142.52325
2025-01-25 18:30:00+00:00,1737829800000,105038.08,105286.52,104968.19,104981.49,151.27306
2025-01-25 18:45:00+00:00,1737830700000,104981.49,105072.1,104917.11,104983.49,62.66354
2025-01-25 19:00:00+00:00,1737831600000,104983.5,105186.64,104983.49,105076.01,146.18513
2025-01-25 19:15:00+00:00,1737832500000,105076.02,105187.5,104987.06,105002.91,114.88529
2025-01-25 19:30:00+00:00,1737833400000,105002.95,105050.46,104972.94,105002.4,53.71531
2025-01-25 19:45:00+00:00,1737834300000,105002.41,105071.17,104909.09,105055.16,59.78581
2025-01-25 20:00:00+00:00,1737835200000,105055.16,105173.9,105031.31,105125.85,44.55882
2025-01-25 20:15:00+00:00,1737836100000,105125.85,105200.0,105050.23,105086.95,55.85488
2025-01-25 20:30:00+00:00,1737837000000,105086.95,105170.0,104976.01,105057.4,63.15688
2025-01-25 20:45:00+00:00,1737837900000,105057.4,105116.0,104965.7,104965.71,52.86042
2025-01-25 21:00:00+00:00,1737838800000,104965.71,105000.0,104866.66,104920.82,119.20946
2025-01-25 21:15:00+00:00,1737839700000,104920.83,104991.3,104899.53,104973.55,52.9466
2025-01-25 21:30:00+00:00,1737840600000,104973.56,104995.16,104891.73,104959.96,53.97558
2025-01-25 21:45:00+00:00,1737841500000,104959.97,105123.5,104898.96,105102.84,165.30535
2025-01-25 22:00:00+00:00,1737842400000,105102.84,105250.0,105072.29,105081.16,92.87856
2025-01-25 22:15:00+00:00,1737843300000,105081.17,105121.82,105030.06,105030.07,43.38589
2025-01-25 22:30:00+00:00,1737844200000,105030.06,105172.8,105004.53,105065.07,52.1941
2025-01-25 22:45:00+00:00,1737845100000,105065.07,105127.16,105046.63,105077.54,32.68908
2025-01-25 23:00:00+00:00,1737846000000,105077.54,105134.9,104860.0,104973.75,92.31449
2025-01-25 23:15:00+00:00,1737846900000,104973.76,105000.0,104952.29,104978.97,37.68773
2025-01-25 23:30:00+00:00,1737847800000,104978.96,104978.97,104889.52,104892.45,30.62215
2025-01-25 23:45:00+00:00,1737848700000,104892.46,104905.5,104696.0,104746.85,91.3296
2025-01-26 00:00:00+00:00,1737849600000,104746.86,104841.84,104699.0,104741.62,95.724
2025-01-26 00:15:00+00:00,1737850500000,104741.62,104800.48,104637.55,104664.36,88.1189
2025-01-26 00:30:00+00:00,1737851400000,104664.36,104720.0,104546.8,104648.76,117.73316
2025-01-26 00:45:00+00:00,1737852300000,104648.77,104736.0,104515.44,104599.96,77.7696
2025-01-26 01:00:00+00:00,1737853200000,104599.95,104651.97,104503.7,104602.75,141.59592
2025-01-26 01:15:00+00:00,1737854100000,104602.75,104701.58,104584.04,104701.57,71.64311
2025-01-26 01:30:00+00:00,1737855000000,104701.57,104772.0,104618.9,104624.74,50.50463
2025-01-26 01:45:00+00:00,1737855900000,104624.75,104669.64,104552.0,104621.37,44.16058
2025-01-26 02:00:00+00:00,1737856800000,104621.37,104621.38,104520.03,104599.06,60.97162
2025-01-26 02:15:00+00:00,1737857700000,104599.05,104700.0,104583.05,104699.99,37.64012
2025-01-26 02:30:00+00:00,1737858600000,104699.99,104718.16,104576.0,104641.63,48.67928
2025-01-26 02:45:00+00:00,1737859500000,104641.64,104696.25,104568.0,104696.25,27.61529
2025-01-26 03:00:00+00:00,1737860400000,104696.25,104808.0,104696.24,104781.11,51.40633
2025-01-26 03:15:00+00:00,1737861300000,104781.11,104844.83,104749.74,104786.64,44.83216
2025-01-26 03:30:00+00:00,1737862200000,104786.64,105100.0,104777.89,105084.13,193.06717
2025-01-26 03:45:00+00:00,1737863100000,105084.13,105273.24,105007.27,105062.42,164.14555
2025-01-26 04:00:00+00:00,1737864000000,105062.41,105148.24,104978.82,105097.35,119.83294
2025-01-26 04:15:00+00:00,1737864900000,105097.35,105500.0,105064.9,105380.0,199.58608
2025-01-26 04:30:00+00:00,1737865800000,105380.0,105392.74,105169.38,105193.06,88.61871
2025-01-26 04:45:00+00:00,1737866700000,105193.06,105244.15,105115.76,105174.27,64.06011
2025-01-26 05:00:00+00:00,1737867600000,105174.28,105200.0,105062.13,105138.36,80.35235
2025-01-26 05:15:00+00:00,1737868500000,105138.37,105189.66,105023.0,105055.14,82.17884
2025-01-26 05:30:00+00:00,1737869400000,105055.13,105096.67,105013.6,105096.67,64.92381
2025-01-26 05:45:00+00:00,1737870300000,105096.66,105190.0,105094.12,105094.12,77.18682
2025-01-26 06:00:00+00:00,1737871200000,105094.13,105118.78,105035.08,105087.61,50.97098
2025-01-26 06:15:00+00:00,1737872100000,105087.61,105099.99,105037.52,105055.8,51.85329
2025-01-26 06:30:00+00:00,1737873000000,105055.81,105073.0,104959.2,104971.99,87.72787
2025-01-26 06:45:00+00:00,1737873900000,104971.99,105036.02,104971.99,104990.75,53.29857
2025-01-26 07:00:00+00:00,1737874800000,104990.75,105028.0,104965.01,104965.01,38.71306
2025-01-26 07:15:00+00:00,1737875700000,104965.01,105100.0,104950.0,105013.7,89.56295
2025-01-26 07:30:00+00:00,1737876600000,105013.69,105050.0,104960.0,105008.53,55.19627
2025-01-26 07:45:00+00:00,1737877500000,105008.54,105038.03,104987.54,104998.35,24.88444
2025-01-26 08:00:00+00:00,1737878400000,104998.36,105221.36,104890.56,105085.67,148.56823
2025-01-26 08:15:00+00:00,1737879300000,105085.68,105137.45,104985.73,104985.73,39.02479
2025-01-26 08:30:00+00:00,1737880200000,104985.74,105000.19,104863.31,104988.8,53.22321
2025-01-26 08:45:00+00:00,1737881100000,104988.8,105125.59,104958.65,105030.4,42.68601
2025-01-26 09:00:00+00:00,1737882000000,105030.4,105030.41,104908.9,104958.86,42.31502
2025-01-26 09:15:00+00:00,1737882900000,104958.85,105000.39,104800.0,104856.08,59.25973
2025-01-26 09:30:00+00:00,1737883800000,104856.08,104856.09,104444.01,104629.16,430.08217
2025-01-26 09:45:00+00:00,1737884700000,104629.15,104681.46,104539.61,104630.03,89.58031
2025-01-26 10:00:00+00:00,1737885600000,104630.02,104699.99,104622.21,104687.51,59.22451
2025-01-26 10:15:00+00:00,1737886500000,104687.51,104687.99,104522.69,104621.9,52.45257
2025-01-26 10:30:00+00:00,1737887400000,104621.9,104700.0,104500.0,104500.01,80.50751
2025-01-26 10:45:00+00:00,1737888300000,104500.01,104722.9,104500.0,104715.29,60.41897
2025-01-26 11:00:00+00:00,1737889200000,104715.29,104814.81,104683.67,104799.99,50.58145
2025-01-26 11:15:00+00:00,1737890100000,104800.0,104847.69,104679.91,104700.0,50.25478
2025-01-26 11:30:00+00:00,1737891000000,104700.0,104801.21,104662.05,104751.38,42.19182
2025-01-26 11:45:00+00:00,1737891900000,104751.38,104837.88,104678.59,104818.69,40.19578
2025-01-26 12:00:00+00:00,1737892800000,104818.68,104818.69,104720.0,104720.01,32.25331
2025-01-26 12:15:00+00:00,1737893700000,104720.01,104782.97,104703.58,104761.49,55.4935
2025-01-26 12:30:00+00:00,1737894600000,104761.5,104761.5,104713.8,104715.52,28.47206
2025-01-26 12:45:00+00:00,1737895500000,104715.53,104890.0,104715.52,104890.0,78.25929
2025-01-26 13:00:00+00:00,1737896400000,104890.0,105126.11,104858.57,104992.62,336.7311
2025-01-26 13:15:00+00:00,1737897300000,104992.62,105026.45,104838.43,104922.99,66.59407
2025-01-26 13:30:00+00:00,1737898200000,104922.99,105049.34,104880.81,104929.23,66.75098
2025-01-26 13:45:00+00:00,1737899100000,104929.23,104961.74,104848.72,104961.73,53.55681
2025-01-26 14:00:00+00:00,1737900000000,104961.74,104961.75,104804.0,104834.57,65.43838
2025-01-26 14:15:00+00:00,1737900900000,104834.58,104896.0,104804.0,104844.82,34.80076
2025-01-26 14:30:00+00:00,1737901800000,104844.82,104960.35,104843.97,104958.91,33.96201
2025-01-26 14:45:00+00:00,1737902700000,104958.91,105003.54,104899.99,104944.0,79.05202
2025-01-26 15:00:00+00:00,1737903600000,104944.0,105033.32,104887.7,104992.62,43.83355
2025-01-26 15:15:00+00:00,1737904500000,104992.61,105093.22,104992.61,105010.01,61.56288
2025-01-26 15:30:00+00:00,1737905400000,105010.01,105075.75,104961.02,104981.69,71.30806
2025-01-26 15:45:00+00:00,1737906300000,104981.69,105025.6,104967.01,104967.01,28.88921
2025-01-26 16:00:00+00:00,1737907200000,104967.02,105022.07,104907.55,104907.55,45.75823
2025-01-26 16:15:00+00:00,1737908100000,104907.55,104973.79,104896.0,104952.32,38.30559
2025-01-26 16:30:00+00:00,1737909000000,104952.32,105024.32,104952.32,105016.65,35.28878
2025-01-26 16:45:00+00:00,1737909900000,105016.65,105040.64,104938.0,104938.02,46.61511
2025-01-26 17:00:00+00:00,1737910800000,104938.01,104999.99,104912.53,104999.99,53.26086
2025-01-26 17:15:00+00:00,1737911700000,104999.98,105023.24,104950.0,104950.0,38.62968
2025-01-26 17:30:00+00:00,1737912600000,104950.0,105050.0,104946.47,104970.24,40.38013
2025-01-26 17:45:00+00:00,1737913500000,104970.24,105050.0,104945.11,104945.11,50.11097
2025-01-26 18:00:00+00:00,1737914400000,104945.12,105161.75,104906.89,105086.17,147.50208
2025-01-26 18:15:00+00:00,1737915300000,105086.18,105260.36,105086.17,105194.02,133.40343
2025-01-26 18:30:00+00:00,1737916200000,105194.01,105256.38,105156.0,105156.01,41.58364
2025-01-26 18:45:00+00:00,1737917100000,105156.0,105175.11,105090.0,105175.11,32.61032
2025-01-26 19:00:00+00:00,1737918000000,105175.11,105240.0,105099.62,105099.62,38.58855
2025-01-26 19:15:00+00:00,1737918900000,105099.63,105121.89,105052.53,105080.01,43.56337
2025-01-26 19:30:00+00:00,1737919800000,105080.01,105156.0,105040.0,105087.08,37.86621
2025-01-26 19:45:00+00:00,1737920700000,105087.07,105115.64,105071.86,105081.63,42.96807
2025-01-26 20:00:00+00:00,1737921600000,105081.64,105081.64,104960.0,105010.04,52.61414
2025-01-26 20:15:00+00:00,1737922500000,105010.03,105200.0,105010.03,105180.75,41.69724
2025-01-26 20:30:00+00:00,1737923400000,105180.75,105180.76,105050.0,105050.01,35.56508
2025-01-26 20:45:00+00:00,1737924300000,105050.0,105100.0,104918.52,104949.99,76.732
2025-01-26 21:00:00+00:00,1737925200000,104949.99,104950.0,104709.6,104744.19,147.1291
2025-01-26 21:15:00+00:00,1737926100000,104744.18,105006.0,104744.18,104895.19,79.51141
2025-01-26 21:30:00+00:00,1737927000000,104895.19,104917.42,104796.0,104803.65,52.37958
2025-01-26 21:45:00+00:00,1737927900000,104803.65,104803.66,104552.48,104557.19,113.97705
2025-01-26 22:00:00+00:00,1737928800000,104557.19,104676.82,104324.32,104427.54,237.39493
2025-01-26 22:15:00+00:00,1737929700000,104427.53,104557.45,104380.0,104527.82,78.99036
2025-01-26 22:30:00+00:00,1737930600000,104527.82,104715.52,104527.81,104711.0,71.79669
2025-01-26 22:45:00+00:00,1737931500000,104711.0,104730.98,104300.01,104330.22,111.4339
2025-01-26 23:00:00+00:00,1737932400000,104330.21,104330.21,103288.0,103349.66,946.49015
2025-01-26 23:15:00+00:00,1737933300000,103349.67,103360.0,102678.0,103136.42,1099.10102
2025-01-26 23:30:00+00:00,1737934200000,103136.42,103136.42,102742.18,102963.88,360.6581
2025-01-26 23:45:00+00:00,1737935100000,102963.88,103100.0,102520.44,102620.0,418.52725
2025-01-27 00:00:00+00:00,1737936000000,102620.01,103260.0,102313.12,102987.28,690.01303
2025-01-27 00:15:00+00:00,1737936900000,102987.28,103044.78,102744.42,102840.03,272.50887
2025-01-27 00:30:00+00:00,1737937800000,102840.03,102902.0,102500.0,102500.01,328.63427
2025-01-27 00:45:00+00:00,1737938700000,102500.01,102537.06,101600.0,101728.0,1109.38024
2025-01-27 01:00:00+00:00,1737939600000,101728.0,102085.04,101168.8,101434.01,1052.98359
2025-01-27 01:15:00+00:00,1737940500000,101434.01,101934.0,101228.0,101665.93,512.99385
2025-01-27 01:30:00+00:00,1737941400000,101665.92,101976.19,101511.07,101712.64,342.25546
2025-01-27 01:45:00+00:00,1737942300000,101712.64,101784.21,101300.03,101308.29,462.35472
2025-01-27 02:00:00+00:00,1737943200000,101308.29,101563.68,100835.25,101560.0,999.95053
2025-01-27 02:15:00+00:00,1737944100000,101559.99,101688.0,101200.0,101328.5,394.06222
2025-01-27 02:30:00+00:00,1737945000000,101328.5,101362.31,101000.0,101210.0,522.63345
2025-01-27 02:45:00+00:00,1737945900000,101210.0,101226.12,100856.86,101000.0,401.38531
2025-01-27 03:00:00+00:00,1737946800000,100999.99,101451.0,100720.53,101425.56,563.93142
2025-01-27 03:15:00+00:00,1737947700000,101425.55,101858.19,101350.66,101816.79,364.34119
2025-01-27 03:30:00+00:00,1737948600000,101816.79,101816.79,101360.94,101491.82,208.06841
2025-01-27 03:45:00+00:00,1737949500000,101491.82,101524.0,101300.0,101395.64,128.39063
2025-01-27 04:00:00+00:00,1737950400000,101395.64,101399.99,100950.0,101038.38,330.40383
2025-01-27 04:15:00+00:00,1737951300000,101038.38,101150.0,100600.0,100923.0,495.276
2025-01-27 04:30:00+00:00,1737952200000,100923.0,101000.59,100477.0,100597.51,771.0047
2025-01-27 04:45:00+00:00,1737953100000,100597.51,100597.51,100227.01,100410.04,412.40362
2025-01-27 05:00:00+00:00,1737954000000,100410.04,100690.99,100360.0,100581.6,327.81033
2025-01-27 05:15:00+00:00,1737954900000,100581.59,100732.0,100293.86,100459.99,284.69507
2025-01-27 05:30:00+00:00,1737955800000,100460.0,100524.0,100024.19,100301.69,653.62668
2025-01-27 05:45:00+00:00,1737956700000,100301.7,100420.0,99713.37,100374.08,1363.60105
2025-01-27 06:00:00+00:00,1737957600000,100374.07,100491.99,100166.5,100261.03,460.8506
2025-01-27 06:15:00+00:00,1737958500000,100261.03,100261.03,99736.12,99980.01,864.31854
2025-01-27 06:30:00+00:00,1737959400000,99980.02,99980.02,99010.09,99110.0,1258.52716
2025-01-27 06:45:00+00:00,1737960300000,99110.0,99398.11,98721.0,98956.32,1249.89856
2025-01-27 07:00:00+00:00,1737961200000,98956.31,99239.0,98846.15,98977.21,499.70542
2025-01-27 07:15:00+00:00,1737962100000,98977.21,99045.29,97777.77,97808.1,1678.46695
2025-01-27 07:30:00+00:00,1737963000000,97808.1,99232.26,97792.0,99158.54,1431.67678
2025-01-27 07:45:00+00:00,1737963900000,99158.55,99415.92,98900.0,99048.02,569.3689
2025-01-27 08:00:00+00:00,1737964800000,99048.01,99208.54,98700.0,99150.63,546.32872
2025-01-27 08:15:00+00:00,1737965700000,99150.64,99367.73,98885.66,99143.5,504.03514
2025-01-27 08:30:00+00:00,1737966600000,99143.5,99143.5,98700.0,98819.72,435.75402
2025-01-27 08:45:00+00:00,1737967500000,98819.71,99068.88,98757.6,99043.77,354.36963
2025-01-27 09:00:00+00:00,1737968400000,99043.78,99486.14,98942.85,99300.46,466.25032
2025-01-27 09:15:00+00:00,1737969300000,99300.45,99533.33,98806.0,98817.7,391.19462
2025-01-27 09:30:00+00:00,1737970200000,98817.71,99362.31,98800.0,99166.37,351.51489
2025-01-27 09:45:00+00:00,1737971100000,99166.37,99436.11,99092.0,99424.38,360.90597
2025-01-27 10:00:00+00:00,1737972000000,99424.37,99454.76,99128.01,99144.51,253.60134
2025-01-27 10:15:00+00:00,1737972900000,99144.51,99322.59,98962.51,99108.01,278.77852
2025-01-27 10:30:00+00:00,1737973800000,99108.01,99153.99,98624.01,98786.15,614.70135
2025-01-27 10:45:00+00:00,1737974700000,98786.16,99050.0,98263.49,98392.74,646.5964
2025-01-27 11:00:00+00:00,1737975600000,98392.74,98936.0,98324.01,98712.79,630.95401
2025-01-27 11:15:00+00:00,1737976500000,98712.8,99131.42,98600.0,99057.06,441.51411
2025-01-27 11:30:00+00:00,1737977400000,99057.05,99362.03,98894.84,98962.36,298.86777
2025-01-27 11:45:00+00:00,1737978300000,98962.35,99053.38,98761.12,98761.13,215.02238
2025-01-27 12:00:00+00:00,1737979200000,98761.12,99250.0,98714.28,99037.03,324.71279
2025-01-27 12:15:00+00:00,1737980100000,99037.03,99163.48,98917.01,99098.01,221.94587
2025-01-27 12:30:00+00:00,1737981000000,99098.0,99768.56,99016.16,99761.99,416.07764
2025-01-27 12:45:00+00:00,1737981900000,99761.99,100910.27,99646.01,100619.68,1202.12817
2025-01-27 13:00:00+00:00,1737982800000,100619.68,101650.01,100316.44,101628.22,1248.48637
2025-01-27 13:15:00+00:00,1737983700000,101628.21,101666.66,100617.83,100882.99,1140.23927
2025-01-27 13:30:00+00:00,1737984600000,100882.99,101244.63,100696.0,100842.53,537.39857
2025-01-27 13:45:00+00:00,1737985500000,100842.53,100959.46,100000.0,100483.99,809.57374
2025-01-27 14:00:00+00:00,1737986400000,100483.98,100588.2,100105.54,100139.96,312.81249
2025-01-27 14:15:00+00:00,1737987300000,100139.95,100830.9,100139.95,100765.4,311.42128
2025-01-27 14:30:00+00:00,1737988200000,100765.41,101428.0,100416.0,101224.0,1269.73973
2025-01-27 14:45:00+00:00,1737989100000,101224.01,102317.94,101135.02,101920.89,1218.58124
2025-01-27 15:00:00+00:00,1737990000000,101920.88,102118.49,101502.06,101523.45,852.91895
2025-01-27 15:15:00+00:00,1737990900000,101523.46,101940.0,100852.0,101658.99,633.68688
2025-01-27 15:30:00+00:00,1737991800000,101658.98,101830.9,101299.79,101341.19,579.24915
2025-01-27 15:45:00+00:00,1737992700000,101341.19,101559.41,101100.0,101112.03,267.10246
2025-01-27 16:00:00+00:00,1737993600000,101112.03,101250.56,100850.43,101045.58,464.62869
2025-01-27 16:15:00+00:00,1737994500000,101045.58,101164.0,100564.0,100829.22,403.12713
2025-01-27 16:30:00+00:00,1737995400000,100829.17,100829.17,99566.25,99976.07,1014.31832
2025-01-27 16:45:00+00:00,1737996300000,99976.06,100275.08,99582.0,99744.0,456.99128
2025-01-27 17:00:00+00:00,1737997200000,99744.0,100050.02,99248.26,99585.87,472.68416
2025-01-27 17:15:00+00:00,1737998100000,99585.88,99660.0,99049.98,99575.13,425.31806
2025-01-27 17:30:00+00:00,1737999000000,99575.12,99980.08,99381.57,99585.99,421.1133
2025-01-27 17:45:00+00:00,1737999900000,99586.0,99805.45,99142.46,99150.01,433.54417
2025-01-27 18:00:00+00:00,1738000800000,99150.01,99584.0,99049.94,99488.68,359.33684
2025-01-27 18:15:00+00:00,1738001700000,99488.68,99753.89,99146.36,99171.43,273.82127
2025-01-27 18:30:00+00:00,1738002600000,99171.44,99545.42,99072.28,99168.35,226.1341
2025-01-27 18:45:00+00:00,1738003500000,99168.35,99399.17,98864.0,99180.0,687.67812
2025-01-27 19:00:00+00:00,1738004400000,99180.0,99693.96,99175.03,99195.99,438.8415
2025-01-27 19:15:00+00:00,1738005300000,99196.0,99779.0,99184.94,99690.0,304.65231
2025-01-27 19:30:00+00:00,1738006200000,99690.04,99952.0,99564.19,99733.99,196.92432
2025-01-27 19:45:00+00:00,1738007100000,99733.99,99743.92,99400.71,99700.02,294.48416
2025-01-27 20:00:00+00:00,1738008000000,99700.01,99935.82,99606.46,99756.01,240.68928
2025-01-27 20:15:00+00:00,1738008900000,99756.01,100412.18,99668.02,100351.68,238.0216
2025-01-27 20:30:00+00:00,1738009800000,100351.99,100952.48,100351.99,100944.51,329.50068
2025-01-27 20:45:00+00:00,1738010700000,100944.51,101750.4,100932.23,101386.5,729.39012
2025-01-27 21:00:00+00:00,1738011600000,101386.11,102405.0,101324.63,102295.12,751.72851
2025-01-27 21:15:00+00:00,1738012500000,102295.12,102370.07,101567.0,101672.55,534.84553
2025-01-27 21:30:00+00:00,1738013400000,101672.54,101724.53,100954.0,101123.99,340.25227
2025-01-27 21:45:00+00:00,1738014300000,101124.0,101503.17,101120.0,101349.67,200.74971
2025-01-27 22:00:00+00:00,1738015200000,101349.67,101677.51,101349.67,101520.28,128.92423
2025-01-27 22:15:00+00:00,1738016100000,101520.28,101592.0,101277.77,101474.0,132.29888
2025-01-27 22:30:00+00:00,1738017000000,101474.0,101717.24,101421.36,101708.12,142.756
2025-01-27 22:45:00+00:00,1738017900000,101708.12,101961.09,101604.0,101637.18,144.23167
2025-01-27 23:00:00+00:00,1738018800000,101637.18,102123.25,101637.18,101993.52,207.83566
2025-01-27 23:15:00+00:00,1738019700000,101993.52,102107.33,101700.21,101739.95,202.78857
2025-01-27 23:30:00+00:00,1738020600000,101739.96,102039.26,101734.4,101764.05,228.60329
2025-01-27 23:45:00+00:00,1738021500000,101764.05,102183.21,101764.05,102082.83,189.9352
2025-01-28 00:00:00+00:00,1738022400000,102082.83,102892.0,102067.8,102458.67,545.7842
2025-01-28 00:15:00+00:00,1738023300000,102458.94,102535.99,102172.83,102191.0,202.02104
2025-01-28 00:30:00+00:00,1738024200000,102190.99,102350.7,102027.21,102288.11,220.18851
2025-01-28 00:45:00+00:00,1738025100000,102288.1,102339.76,101777.0,101856.01,217.97625
2025-01-28 01:00:00+00:00,1738026000000,101856.0,101900.04,101629.62,101853.09,148.64449
2025-01-28 01:15:00+00:00,1738026900000,101853.1,102000.0,101466.0,101475.05,191.14104
2025-01-28 01:30:00+00:00,1738027800000,101475.04,101728.21,101466.0,101578.01,253.22137
2025-01-28 01:45:00+00:00,1738028700000,101578.0,101844.35,101382.66,101382.67,225.88343
2025-01-28 02:00:00+00:00,1738029600000,101382.66,101590.38,101334.55,101515.99,174.33114
2025-01-28 02:15:00+00:00,1738030500000,101515.99,102104.0,101477.6,101975.84,326.0125
2025-01-28 02:30:00+00:00,1738031400000,101975.84,102320.88,101848.89,102290.25,144.52217
2025-01-28 02:45:00+00:00,1738032300000,102290.25,102436.79,102161.07,102402.01,175.1486
2025-01-28 03:00:00+00:00,1738033200000,102402.01,102443.93,102026.02,102350.91,210.53528
2025-01-28 03:15:00+00:00,1738034100000,102350.9,102459.31,102242.42,102353.14,155.04431
2025-01-28 03:30:00+00:00,1738035000000,102353.15,102606.07,102285.48,102601.99,184.04943
2025-01-28 03:45:00+00:00,1738035900000,102606.03,102880.0,102545.45,102636.32,295.73261
2025-01-28 04:00:00+00:00,1738036800000,102636.32,102862.77,102600.0,102800.0,135.82502
2025-01-28 04:15:00+00:00,1738037700000,102800.0,103022.3,102663.61,103013.79,201.35833
2025-01-28 04:30:00+00:00,1738038600000,103013.78,103371.24,103001.71,103117.73,357.71927
2025-01-28 04:45:00+00:00,1738039500000,103117.72,103133.63,102899.9,102901.45,147.40816
2025-01-28 05:00:00+00:00,1738040400000,102901.45,103168.36,102901.45,102973.53,182.9104
2025-01-28 05:15:00+00:00,1738041300000,102973.52,103092.81,102812.9,103035.99,153.83675
2025-01-28 05:30:00+00:00,1738042200000,103036.0,103283.33,102988.14,103221.81,148.13094
2025-01-28 05:45:00+00:00,1738043100000,103221.81,103339.61,102911.2,103014.59,115.4496
2025-01-28 06:00:00+00:00,1738044000000,103014.6,103200.0,102910.53,102950.83,116.26305
2025-01-28 06:15:00+00:00,1738044900000,102950.83,102980.0,102757.17,102849.98,105.81965
2025-01-28 06:30:00+00:00,1738045800000,102849.99,102911.51,102599.2,102676.97,131.75948
2025-01-28 06:45:00+00:00,1738046700000,102676.96,102872.0,102652.0,102744.38,110.25484
2025-01-28 07:00:00+00:00,1738047600000,102744.39,103065.0,102527.39,103025.84,166.46238
2025-01-28 07:15:00+00:00,1738048500000,103025.85,103320.0,103018.96,103272.66,186.97917
2025-01-28 07:30:00+00:00,1738049400000,103272.66,103343.65,102857.83,102857.83,200.06821
2025-01-28 07:45:00+00:00,1738050300000,102857.84,102924.0,102616.23,102789.72,194.21221
2025-01-28 08:00:00+00:00,1738051200000,102789.72,102913.69,102607.34,102833.51,135.76035
2025-01-28 08:15:00+00:00,1738052100000,102833.52,103028.53,102760.22,102832.99,107.41131
2025-01-28 08:30:00+00:00,1738053000000,102832.99,102878.79,102637.75,102843.1,93.295
2025-01-28 08:45:00+00:00,1738053900000,102843.1,102878.79,102707.35,102851.23,91.57973
2025-01-28 09:00:00+00:00,1738054800000,102851.23,102965.28,102752.01,102834.17,106.65644
2025-01-28 09:15:00+00:00,1738055700000,102834.17,102856.39,102393.94,102474.87,202.11389
2025-01-28 09:30:00+00:00,1738056600000,102474.87,102800.0,102444.11,102628.78,174.80443
2025-01-28 09:45:00+00:00,1738057500000,102628.78,102962.66,102539.24,102955.99,184.82725
2025-01-28 10:00:00+00:00,1738058400000,102955.99,102989.0,102821.71,102972.93,94.44232
2025-01-28 10:15:00+00:00,1738059300000,102972.94,103181.82,102953.89,102953.89,167.91308
2025-01-28 10:30:00+00:00,1738060200000,102953.9,103000.0,102705.83,102714.65,117.4671
2025-01-28 10:45:00+00:00,1738061100000,102714.64,102760.51,102600.79,102745.36,101.16574
2025-01-28 11:00:00+00:00,1738062000000,102745.37,102934.7,102700.5,102874.21,106.22949
2025-01-28 11:15:00+00:00,1738062900000,102874.21,102943.07,102641.87,102693.47,109.20491
2025-01-28 11:30:00+00:00,1738063800000,102693.48,102739.42,102564.77,102701.53,107.62185
2025-01-28 11:45:00+00:00,1738064700000,102701.53,102870.0,102701.53,102762.01,151.10925
2025-01-28 12:00:00+00:00,1738065600000,102762.02,102988.6,102712.61,102872.82,142.79551
2025-01-28 12:15:00+00:00,1738066500000,102872.82,102901.11,102620.0,102683.79,117.85937
2025-01-28 12:30:00+00:00,1738067400000,102683.8,102727.89,102476.63,102655.49,150.42529
2025-01-28 12:45:00+00:00,1738068300000,102655.5,102702.66,102489.06,102599.99,121.22808
2025-01-28 13:00:00+00:00,1738069200000,102599.99,102886.2,102564.0,102886.19,92.74123
2025-01-28 13:15:00+00:00,1738070100000,102886.19,102938.71,102773.2,102820.0,85.70862
2025-01-28 13:30:00+00:00,1738071000000,102820.0,102820.0,102482.35,102571.65,135.83389
2025-01-28 13:45:00+00:00,1738071900000,102571.65,102713.98,102501.6,102597.36,101.53193
2025-01-28 14:00:00+00:00,1738072800000,102597.37,102597.37,101815.26,101962.98,440.03927
2025-01-28 14:15:00+00:00,1738073700000,101962.97,102619.99,101937.22,102580.26,286.4988
2025-01-28 14:30:00+00:00,1738074600000,102580.26,102891.33,102058.99,102159.99,754.24669
2025-01-28 14:45:00+00:00,1738075500000,102159.99,102805.93,102076.93,102641.99,462.04593
2025-01-28 15:00:00+00:00,1738076400000,102642.0,103315.79,102625.01,102937.33,676.65518
2025-01-28 15:15:00+00:00,1738077300000,102937.33,103280.0,102738.46,103210.22,298.86774
2025-01-28 15:30:00+00:00,1738078200000,103210.22,103800.0,102904.62,102964.93,920.23009
2025-01-28 15:45:00+00:00,1738079100000,102964.93,103116.07,102504.0,102777.99,319.74338
2025-01-28 16:00:00+00:00,1738080000000,102777.99,102907.98,102253.52,102267.4,462.40414
2025-01-28 16:15:00+00:00,1738080900000,102267.41,102440.28,101906.24,102041.99,534.80691
2025-01-28 16:30:00+00:00,1738081800000,102042.0,102411.96,102025.0,102382.0,281.124
2025-01-28 16:45:00+00:00,1738082700000,102382.01,102576.93,101972.84,102250.01,267.79974
2025-01-28 17:00:00+00:00,1738083600000,102250.01,103084.0,102220.07,103035.9,521.1732
2025-01-28 17:15:00+00:00,1738084500000,103035.9,103098.0,102733.33,102848.86,311.18234
2025-01-28 17:30:00+00:00,1738085400000,102848.87,102928.0,102338.0,102446.01,355.9059
2025-01-28 17:45:00+00:00,1738086300000,102446.0,102748.0,102346.01,102572.82,214.03859
2025-01-28 18:00:00+00:00,1738087200000,102572.82,103085.73,102375.0,103030.41,432.62271
2025-01-28 18:15:00+00:00,1738088100000,103030.41,103108.0,102785.56,102854.56,245.22751
2025-01-28 18:30:00+00:00,1738089000000,102854.57,102955.89,102472.49,102536.32,165.47521
2025-01-28 18:45:00+00:00,1738089900000,102536.0,102542.4,102160.0,102205.79,195.60227
2025-01-28 19:00:00+00:00,1738090800000,102205.78,102235.0,101820.15,102071.99,266.10232
2025-01-28 19:15:00+00:00,1738091700000,102071.98,102400.0,101980.99,102237.13,199.06743
2025-01-28 19:30:00+00:00,1738092600000,102237.12,102397.8,102043.53,102396.38,107.5948
2025-01-28 19:45:00+00:00,1738093500000,102396.39,102660.0,102396.39,102424.24,135.92696
2025-01-28 20:00:00+00:00,1738094400000,102424.24,102538.0,102302.11,102391.99,115.80904
2025-01-28 20:15:00+00:00,1738095300000,102391.99,102392.0,101955.49,101972.09,180.05268
2025-01-28 20:30:00+00:00,1738096200000,101972.1,102150.23,101896.4,101964.45,125.21981
2025-01-28 20:45:00+00:00,1738097100000,101964.45,101966.96,101197.04,101264.48,544.05064
2025-01-28 21:00:00+00:00,1738098000000,101264.02,101476.02,101090.71,101293.02,319.55171
2025-01-28 21:15:00+00:00,1738098900000,101293.03,101547.22,101228.27,101470.95,159.00561
2025-01-28 21:30:00+00:00,1738099800000,101470.94,101496.66,100598.22,100761.99,434.30864
2025-01-28 21:45:00+00:00,1738100700000,100761.98,100918.38,100272.68,100334.01,461.83586
2025-01-28 22:00:00+00:00,1738101600000,100334.0,100877.47,100274.96,100877.47,280.63227
2025-01-28 22:15:00+00:00,1738102500000,100877.47,101119.54,100570.36,100735.81,290.44491
2025-01-28 22:30:00+00:00,1738103400000,100735.8,101100.09,100568.01,101053.24,129.32379
2025-01-28 22:45:00+00:00,1738104300000,101053.25,101404.0,100923.07,101265.63,155.77815
2025-01-28 23:00:00+00:00,1738105200000,101265.63,101424.07,101000.0,101229.54,178.0017
2025-01-28 23:15:00+00:00,1738106100000,101229.55,101284.62,100908.51,100953.78,153.02538
2025-01-28 23:30:00+00:00,1738107000000,100953.78,101186.05,100750.0,101171.62,191.33994
2025-01-28 23:45:00+00:00,1738107900000,101171.62,101450.0,101161.76,101335.52,124.87652
2025-01-29 00:00:00+00:00,1738108800000,101335.52,101587.49,101328.01,101534.89,146.27438
2025-01-29 00:15:00+00:00,1738109700000,101534.88,101682.58,101430.23,101478.01,154.88314
2025-01-29 00:30:00+00:00,1738110600000,101478.01,101768.81,101396.0,101768.81,105.95483
2025-01-29 00:45:00+00:00,1738111500000,101768.98,101819.67,101645.75,101702.59,96.47473
2025-01-29 01:00:00+00:00,1738112400000,101702.6,101993.68,101702.6,101762.49,111.97503
2025-01-29 01:15:00+00:00,1738113300000,101762.49,101848.84,101616.39,101677.15,91.47455
2025-01-29 01:30:00+00:00,1738114200000,101677.14,101733.04,101461.12,101717.99,139.24088
2025-01-29 01:45:00+00:00,1738115100000,101717.99,101884.0,101692.46,101845.02,122.86919
2025-01-29 02:00:00+00:00,1738116000000,101845.02,102319.69,101845.01,102034.43,196.68707
2025-01-29 02:15:00+00:00,1738116900000,102034.43,102034.43,101787.92,101848.55,92.34371
2025-01-29 02:30:00+00:00,1738117800000,101848.55,101978.32,101769.23,101800.03,36.31912
2025-01-29 02:45:00+00:00,1738118700000,101800.03,101811.5,101696.01,101795.4,40.44744
2025-01-29 03:00:00+00:00,1738119600000,101795.41,102089.8,101764.24,101885.01,93.02792
2025-01-29 03:15:00+00:00,1738120500000,101885.02,102008.84,101797.45,102002.18,73.33708
2025-01-29 03:30:00+00:00,1738121400000,102002.19,102136.1,101881.03,102004.01,83.93375
2025-01-29 03:45:00+00:00,1738122300000,102004.01,102162.8,101920.36,102038.2,111.14054
2025-01-29 04:00:00+00:00,1738123200000,102038.21,102130.63,101955.51,102071.15,82.08346
2025-01-29 04:15:00+00:00,1738124100000,102071.15,102146.45,102028.52,102133.33,73.80356
2025-01-29 04:30:00+00:00,1738125000000,102133.33,102190.0,101992.63,102012.23,107.58028
2025-01-29 04:45:00+00:00,1738125900000,102012.23,102074.12,101976.19,102001.06,60.04418
2025-01-29 05:00:00+00:00,1738126800000,102001.06,102384.61,101980.27,102203.8,192.31248
2025-01-29 05:15:00+00:00,1738127700000,102203.8,102256.0,102134.62,102171.99,59.68547
2025-01-29 05:30:00+00:00,1738128600000,102172.0,102308.68,102140.87,102204.61,110.88815
2025-01-29 05:45:00+00:00,1738129500000,102204.61,102284.78,102133.9,102262.0,51.83824
2025-01-29 06:00:00+00:00,1738130400000,102262.0,102426.24,102237.05,102426.23,169.53776
2025-01-29 06:15:00+00:00,1738131300000,102426.23,102600.0,102365.1,102523.08,117.46787
2025-01-29 06:30:00+00:00,1738132200000,102523.09,102853.53,102523.08,102647.24,176.38252
2025-01-29 06:45:00+00:00,1738133100000,102647.25,102801.64,102556.0,102801.64,109.08797
2025-01-29 07:00:00+00:00,1738134000000,102801.64,102815.66,102449.97,102539.99,149.09763
2025-01-29 07:15:00+00:00,1738134900000,102539.99,102613.0,102484.62,102531.52,70.52739
2025-01-29 07:30:00+00:00,1738135800000,102531.52,102605.89,102486.85,102605.87,98.2656
2025-01-29 07:45:00+00:00,1738136700000,102605.88,102755.82,102577.16,102755.82,135.60387
2025-01-29 08:00:00+00:00,1738137600000,102755.81,103000.0,102736.17,102767.99,232.52059
2025-01-29 08:15:00+00:00,1738138500000,102768.0,102906.0,102680.0,102895.36,93.80745
2025-01-29 08:30:00+00:00,1738139400000,102895.36,102976.0,102741.02,102815.99,121.8671
2025-01-29 08:45:00+00:00,1738140300000,102815.99,102871.42,102712.0,102732.03,79.47923
2025-01-29 09:00:00+00:00,1738141200000,102732.03,102770.0,102522.97,102639.98,163.21149
2025-01-29 09:15:00+00:00,1738142100000,102639.98,102650.0,102346.67,102350.0,318.47791
2025-01-29 09:30:00+00:00,1738143000000,102350.0,102546.8,102350.0,102546.79,92.63036
2025-01-29 09:45:00+00:00,1738143900000,102546.8,102555.09,102303.68,102334.4,61.8316
2025-01-29 10:00:00+00:00,1738144800000,102334.41,102499.99,102180.65,102410.37,113.39461
2025-01-29 10:15:00+00:00,1738145700000,102410.38,102700.0,102380.0,102552.95,109.31703
2025-01-29 10:30:00+00:00,1738146600000,102552.95,102726.77,102511.63,102511.63,49.43493
2025-01-29 10:45:00+00:00,1738147500000,102511.64,102581.4,102484.62,102547.01,108.37803
2025-01-29 11:00:00+00:00,1738148400000,102547.01,102598.17,102425.87,102512.0,207.04351
2025-01-29 11:15:00+00:00,1738149300000,102511.99,102620.0,102486.0,102619.99,119.69477
2025-01-29 11:30:00+00:00,1738150200000,102620.0,102809.52,102558.28,102727.53,122.40187
2025-01-29 11:45:00+00:00,1738151100000,102727.53,102746.5,102539.88,102646.0,216.2233
2025-01-29 12:00:00+00:00,1738152000000,102646.0,102775.68,102555.39,102775.67,291.0757
2025-01-29 12:15:00+00:00,1738152900000,102775.67,102842.04,102384.0,102420.0,186.56281
2025-01-29 12:30:00+00:00,1738153800000,102419.99,102544.0,102241.39,102355.25,181.4152
2025-01-29 12:45:00+00:00,1738154700000,102355.26,102430.26,102220.13,102229.85,129.6102
2025-01-29 13:00:00+00:00,1738155600000,102229.85,102330.81,101873.36,102174.01,972.63797
2025-01-29 13:15:00+00:00,1738156500000,102174.0,102174.0,101818.25,101896.01,396.53366
2025-01-29 13:30:00+00:00,1738157400000,101896.01,102112.5,101769.78,101983.74,202.6605
2025-01-29 13:45:00+00:00,1738158300000,101983.75,102060.0,101699.59,101836.23,181.39923
2025-01-29 14:00:00+00:00,1738159200000,101836.23,102050.0,101751.53,102040.0,151.22915
2025-01-29 14:15:00+00:00,1738160100000,102040.0,102186.58,101942.38,102166.65,137.84109
2025-01-29 14:30:00+00:00,1738161000000,102166.64,102380.0,101742.0,102122.33,430.30602
2025-01-29 14:45:00+00:00,1738161900000,102122.33,102124.0,101582.37,102029.93,315.42982
2025-01-29 15:00:00+00:00,1738162800000,102029.94,102531.64,101953.52,102274.0,318.79828
2025-01-29 15:15:00+00:00,1738163700000,102274.01,102359.04,101867.31,101990.0,179.6088
2025-01-29 15:30:00+00:00,1738164600000,101990.0,102100.0,101833.81,101846.11,179.30848
2025-01-29 15:45:00+00:00,1738165500000,101846.11,102112.5,101798.01,101980.78,128.24585
2025-01-29 16:00:00+00:00,1738166400000,101980.78,102122.86,101780.61,101886.03,146.80464
2025-01-29 16:15:00+00:00,1738167300000,101886.03,102023.26,101675.62,101877.99,204.44551
2025-01-29 16:30:00+00:00,1738168200000,101877.99,102108.0,101814.18,102050.0,157.30253
2025-01-29 16:45:00+00:00,1738169100000,102049.99,102150.0,101949.02,102092.01,121.59444
2025-01-29 17:00:00+00:00,1738170000000,102092.0,102307.68,101995.37,102294.0,133.2333
2025-01-29 17:15:00+00:00,1738170900000,102294.0,102444.0,102260.84,102409.1,157.27785
2025-01-29 17:30:00+00:00,1738171800000,102409.1,102777.78,102409.1,102600.0,389.76986
2025-01-29 17:45:00+00:00,1738172700000,102600.0,102660.84,102359.37,102406.98,132.0717
2025-01-29 18:00:00+00:00,1738173600000,102406.97,102496.3,102008.0,102306.61,282.90499
2025-01-29 18:15:00+00:00,1738174500000,102306.61,102590.59,102164.33,102581.4,114.10168
2025-01-29 18:30:00+00:00,1738175400000,102581.4,102843.13,102581.39,102754.76,238.11091
2025-01-29 18:45:00+00:00,1738176300000,102754.76,103000.0,102748.46,102854.15,306.82576
2025-01-29 19:00:00+00:00,1738177200000,102854.14,102896.92,101650.75,102048.0,1187.50704
2025-01-29 19:15:00+00:00,1738178100000,102048.01,102048.99,101400.01,101547.87,557.28036
2025-01-29 19:30:00+00:00,1738179000000,101547.86,103999.0,101474.11,103448.29,2115.77321
2025-01-29 19:45:00+00:00,1738179900000,103448.45,103916.0,103173.6,103583.99,1014.91402
2025-01-29 20:00:00+00:00,1738180800000,103584.0,103769.0,102868.0,103443.44,788.86741
2025-01-29 20:15:00+00:00,1738181700000,103443.44,104689.17,103022.0,104364.59,1134.58717
2025-01-29 20:30:00+00:00,1738182600000,104365.99,104782.68,103945.75,104273.26,627.67146
2025-01-29 20:45:00+00:00,1738183500000,104273.26,104484.7,104016.84,104193.93,407.112
2025-01-29 21:00:00+00:00,1738184400000,104193.92,104371.97,103743.45,104216.79,708.36183
2025-01-29 21:15:00+00:00,1738185300000,104216.78,104374.68,103940.41,104111.0,368.17693
2025-01-29 21:30:00+00:00,1738186200000,104111.0,104393.93,103889.0,103899.39,245.28297
2025-01-29 21:45:00+00:00,1738187100000,103899.39,104087.42,103715.5,103741.11,192.14492
2025-01-29 22:00:00+00:00,1738188000000,103741.11,103831.56,103414.03,103523.79,212.32992
2025-01-29 22:15:00+00:00,1738188900000,103523.79,103771.29,103405.77,103771.28,132.41727
2025-01-29 22:30:00+00:00,1738189800000,103771.29,104010.94,103459.25,103485.44,306.90171
2025-01-29 22:45:00+00:00,1738190700000,103485.45,103676.0,103440.0,103492.06,64.16674
2025-01-29 23:00:00+00:00,1738191600000,103492.07,104121.98,103460.0,104121.98,265.82305
2025-01-29 23:15:00+00:00,1738192500000,104121.97,104344.64,103959.76,104194.64,161.56994
2025-01-29 23:30:00+00:00,1738193400000,104194.65,104205.0,103807.04,103823.56,115.33249
2025-01-29 23:45:00+00:00,1738194300000,103823.56,103944.0,103646.47,103733.24,111.72808
2025-01-30 00:00:00+00:00,1738195200000,103733.25,103818.69,103518.51,103576.45,278.19054
2025-01-30 00:15:00+00:00,1738196100000,103576.45,103715.59,103486.0,103546.0,106.91338
2025-01-30 00:30:00+00:00,1738197000000,103546.0,103789.39,103278.54,103638.3,230.79062
2025-01-30 00:45:00+00:00,1738197900000,103638.31,104123.36,103616.7,104026.04,181.62472
2025-01-30 01:00:00+00:00,1738198800000,104026.05,104162.15,103925.0,104162.15,105.51152
2025-01-30 01:15:00+00:00,1738199700000,104162.14,104499.0,104136.01,104372.22,229.42631
2025-01-30 01:30:00+00:00,1738200600000,104372.23,104555.0,104148.79,104336.0,329.26541
2025-01-30 01:45:00+00:00,1738201500000,104335.99,104363.93,104180.58,104264.15,109.56021
2025-01-30 02:00:00+00:00,1738202400000,104264.15,104279.49,103994.46,104122.0,129.14057
2025-01-30 02:15:00+00:00,1738203300000,104122.0,104360.13,104048.16,104360.13,157.72229
2025-01-30 02:30:00+00:00,1738204200000,104360.13,104595.34,104300.0,104393.81,297.8486
2025-01-30 02:45:00+00:00,1738205100000,104393.81,104668.35,104325.92,104663.19,239.05357
2025-01-30 03:00:00+00:00,1738206000000,104663.19,104748.0,104493.16,104724.11,201.1009
2025-01-30 03:15:00+00:00,1738206900000,104724.1,104724.11,104550.38,104683.55,167.76461
2025-01-30 03:30:00+00:00,1738207800000,104683.56,104944.45,104676.0,104904.81,261.76131
2025-01-30 03:45:00+00:00,1738208700000,104904.81,105300.0,104877.71,105196.0,851.22861
2025-01-30 04:00:00+00:00,1738209600000,105196.0,105288.63,104897.86,104972.01,214.7505
2025-01-30 04:15:00+00:00,1738210500000,104972.0,105162.78,104900.57,105069.61,148.89649
2025-01-30 04:30:00+00:00,1738211400000,105069.62,105182.35,104842.37,105182.34,157.80808
2025-01-30 04:45:00+00:00,1738212300000,105182.34,105595.81,105094.33,105478.0,337.37805
2025-01-30 05:00:00+00:00,1738213200000,105478.0,105520.0,105210.5,105373.94,266.39101
2025-01-30 05:15:00+00:00,1738214100000,105373.93,105480.16,105236.0,105304.76,116.41349
2025-01-30 05:30:00+00:00,1738215000000,105304.76,105364.0,105118.06,105188.03,122.39377
2025-01-30 05:45:00+00:00,1738215900000,105188.02,105375.71,104996.97,105375.7,300.70193
2025-01-30 06:00:00+00:00,1738216800000,105375.7,105580.16,105346.12,105506.02,245.1262
2025-01-30 06:15:00+00:00,1738217700000,105506.01,105506.01,105208.01,105212.76,92.45157
2025-01-30 06:30:00+00:00,1738218600000,105212.76,105297.59,105163.44,105181.77,108.39371
2025-01-30 06:45:00+00:00,1738219500000,105181.77,105245.28,105164.76,105184.37,106.53499
2025-01-30 07:00:00+00:00,1738220400000,105184.38,105348.0,104831.98,104895.71,230.49006
2025-01-30 07:15:00+00:00,1738221300000,104895.72,105071.8,104895.72,105007.97,100.64721
2025-01-30 07:30:00+00:00,1738222200000,105007.96,105007.97,104799.66,104913.46,133.22
2025-01-30 07:45:00+00:00,1738223100000,104913.46,105160.95,104873.31,105132.07,113.48788
2025-01-30 08:00:00+00:00,1738224000000,105132.07,105368.84,105004.84,105011.08,213.62875
2025-01-30 08:15:00+00:00,1738224900000,105011.07,105243.17,104925.26,105167.01,89.39997
2025-01-30 08:30:00+00:00,1738225800000,105167.01,105194.95,105014.9,105120.0,75.00874
2025-01-30 08:45:00+00:00,1738226700000,105120.01,105291.14,105060.0,105060.01,94.1007
2025-01-30 09:00:00+00:00,1738227600000,105060.01,105218.0,105021.36,105187.55,106.43489
2025-01-30 09:15:00+00:00,1738228500000,105187.55,105293.95,105162.49,105293.94,97.99571
2025-01-30 09:30:00+00:00,1738229400000,105293.95,105499.99,105278.05,105436.07,151.77316
2025-01-30 09:45:00+00:00,1738230300000,105436.07,105534.0,105373.17,105412.05,144.97213
2025-01-30 10:00:00+00:00,1738231200000,105412.05,105412.06,105117.63,105213.94,168.09649
2025-01-30 10:15:00+00:00,1738232100000,105213.93,105261.36,105132.07,105258.02,85.83923
2025-01-30 10:30:00+00:00,1738233000000,105258.01,105317.65,105186.55,105226.12,48.19504
2025-01-30 10:45:00+00:00,1738233900000,105226.12,105364.0,105200.0,105345.4,61.15985
2025-01-30 11:00:00+00:00,1738234800000,105345.41,105345.41,105078.01,105136.92,105.84935
2025-01-30 11:15:00+00:00,1738235700000,105136.92,105236.61,105080.88,105123.99,66.24839
2025-01-30 11:30:00+00:00,1738236600000,105123.99,105349.0,105109.65,105264.01,60.71271
2025-01-30 11:45:00+00:00,1738237500000,105264.01,105392.0,105207.54,105300.63,120.80072
2025-01-30 12:00:00+00:00,1738238400000,105300.63,105312.93,105112.0,105112.01,97.10953
2025-01-30 12:15:00+00:00,1738239300000,105112.0,105142.62,105000.0,105036.08,119.10374
2025-01-30 12:30:00+00:00,1738240200000,105036.09,105110.37,104880.0,104894.9,129.51711
2025-01-30 12:45:00+00:00,1738241100000,104894.91,105083.97,104836.85,105020.0,94.35418
2025-01-30 13:00:00+00:00,1738242000000,105020.01,105128.55,104929.72,105074.38,96.21418
2025-01-30 13:15:00+00:00,1738242900000,105074.39,105367.57,105074.39,105259.15,235.6012
2025-01-30 13:30:00+00:00,1738243800000,105259.14,105337.43,104915.4,105043.05,255.87522
2025-01-30 13:45:00+00:00,1738244700000,105043.04,105043.13,104836.58,104879.99,218.38002
2025-01-30 14:00:00+00:00,1738245600000,104879.99,105044.4,104660.0,104836.0,310.46567
2025-01-30 14:15:00+00:00,1738246500000,104836.0,104982.98,104733.33,104909.42,192.33444
2025-01-30 14:30:00+00:00,1738247400000,104909.42,105241.0,104768.48,105157.77,316.17834
2025-01-30 14:45:00+00:00,1738248300000,105157.15,106222.08,105148.26,105920.57,1393.159
2025-01-30 15:00:00+00:00,1738249200000,105920.57,106457.44,105751.01,106236.47,858.98898
2025-01-30 15:15:00+00:00,1738250100000,106236.47,106236.48,105353.85,105498.3,569.32602
2025-01-30 15:30:00+00:00,1738251000000,105498.3,105989.0,105450.0,105828.81,296.04672
2025-01-30 15:45:00+00:00,1738251900000,105828.82,106165.15,105459.64,105564.0,404.15713
2025-01-30 16:00:00+00:00,1738252800000,105563.99,105849.98,105455.3,105638.3,248.85288
2025-01-30 16:15:00+00:00,1738253700000,105638.29,106004.48,105544.0,105948.73,348.59595
2025-01-30 16:30:00+00:00,1738254600000,105948.73,106013.01,105687.01,105795.68,256.5176
2025-01-30 16:45:00+00:00,1738255500000,105795.68,105843.68,105624.53,105696.96,138.34753
2025-01-30 17:00:00+00:00,1738256400000,105696.96,105698.27,105272.72,105335.41,253.25501
2025-01-30 17:15:00+00:00,1738257300000,105335.4,105395.39,105184.0,105378.27,64.91021
